column,Q1,Q3,IQR,lower_bound,upper_bound,possible_outlier_count,possible_outlier_percentage
number_outpatient,0.0,0.0,0.0,0.0,0.0,16739,16.45
number_emergency,0.0,0.0,0.0,0.0,0.0,11383,11.19
discharge_disposition_id,1.0,4.0,3.0,-3.5,8.5,9818,9.65
number_inpatient,0.0,1.0,1.0,-1.5,2.5,7049,6.93
admission_source_id,1.0,7.0,6.0,-8.0,16.0,6956,6.84
num_procedures,0.0,2.0,2.0,-3.0,5.0,4954,4.87
num_medications,10.0,20.0,10.0,-5.0,35.0,2557,2.51
time_in_hospital,2.0,6.0,4.0,-4.0,12.0,2252,2.21
admission_type_id,1.0,3.0,2.0,-2.0,6.0,341,0.34
number_diagnoses,6.0,9.0,3.0,1.5,13.5,281,0.28
patient_nbr,23413221.0,87545949.75,64132728.75,-72785872.125,183745042.875,247,0.24
num_lab_procedures,31.0,57.0,26.0,-8.0,96.0,143,0.14
encounter_id,84961194.0,230270887.5,145309693.5,-133003346.25,448235427.75,0,0.0
