model,experiment,setting,cv_macro_f1,train_macro_f1,cv_macro_recall,cv_accuracy,cv_roc_auc_ovr,cv_pr_auc_lt30,fit_time_s,note,n_rows,logged_at
XGBoost,Learning rate x trees,"lr=0.3, trees=100",0.4374105062284593,0.5658347044151614,0.45280576641018255,0.5051414912899239,0.6522862541646199,0.1899430412878857,0.8260549068450928,,23730,2026-09-29 20:53
XGBoost,Learning rate x trees,"lr=0.1, trees=300",0.43861058485592164,0.5719533916049011,0.45327009278559477,0.507375119812322,0.657048410675963,0.19378061210681344,1.3604663848876952,,23730,2026-09-29 20:53
XGBoost,Learning rate x trees,"lr=0.05, trees=600",0.44116624512406954,0.57585791653596,0.45631010547159684,0.5098613087304227,0.6584276563100937,0.19635385861201887,2.58030219078064,,23730,2026-09-29 20:53
XGBoost,max_depth,max_depth=3,0.4342565660348461,0.4930504857062131,0.4558747177083018,0.5015594121516944,0.6599459807163398,0.20051957383453828,0.7804708003997802,,23730,2026-09-29 20:53
XGBoost,max_depth,max_depth=4,0.4368654575382007,0.531103990250666,0.4549762449764795,0.5052677804362122,0.6604668139648274,0.19957300904426148,1.043919277191162,,23730,2026-09-29 20:53
XGBoost,max_depth,max_depth=6,0.44468110684664097,0.6239975911950714,0.4567143428602492,0.5176577116693143,0.6580851425470299,0.19468653480915615,1.8677250862121582,,23730,2026-09-29 20:54
XGBoost,max_depth,max_depth=8,0.44207480799555593,0.7283013946825577,0.4473387055921355,0.5250746880463641,0.6544008030612104,0.18383035535481834,4.470266914367675,,23730,2026-09-29 20:54
XGBoost,Engineered features,with,0.4368654575382007,0.531103990250666,0.4549762449764795,0.5052677804362122,0.6604668139648274,0.19957300904426148,5.274147796630859,,23730,2026-09-29 20:55
XGBoost,Engineered features,without,0.4373743245682785,0.5292286454940904,0.45613053538553344,0.5061111193587464,0.6590978063689735,0.19770028921930666,4.960949659347534,,23730,2026-09-29 20:56
XGBoost,Imbalance,balanced weights,0.4368654575382007,0.531103990250666,0.4549762449764795,0.5052677804362122,0.6604668139648274,0.19957300904426148,2.6984251499176026,,23730,2026-09-29 20:57
XGBoost,Imbalance,no weights,0.39498378409569185,0.4479370888152271,0.41589616739962343,0.5868949653384161,0.6686735608747051,0.2042677919966705,0.9696713924407959,,23730,2026-09-29 20:57
